{"cameraMode":{"drawMode":0,"name":"Shaded","section":"Shading Mode"},"sceneLighting":true,"audioPlay":false,"sceneViewState":{"showFog":true,"showMaterialUpdate":true,"showSkybox":true,"showFlares":true,"showImageEffects":true,"showParticleSystems":true},"in2DMode":false,"pivot":{"x":428.01153564453127,"y":595.0008544921875,"z":4.98773193359375},"rotation":{"x":-0.09977907687425614,"y":0.8916017413139343,"z":-0.23986972868442536,"w":-0.37088143825531008},"size":568.4067993164063,"orthographic":false}