{"cameraMode":{"drawMode":0,"name":"Shaded","section":"Shading Mode"},"sceneLighting":true,"audioPlay":false,"sceneViewState":{"showFog":true,"showMaterialUpdate":true,"showSkybox":true,"showFlares":true,"showImageEffects":true,"showParticleSystems":true},"in2DMode":false,"pivot":{"x":14.102880477905274,"y":4.429679870605469,"z":184.18927001953126},"rotation":{"x":-0.43166154623031618,"y":-0.22524933516979218,"z":0.11224842816591263,"w":-0.8662188053131104},"size":412.9206848144531,"orthographic":false}