{"cameraMode":{"drawMode":0,"name":"Shaded","section":"Shading Mode"},"sceneLighting":true,"audioPlay":false,"sceneViewState":{"showFog":true,"showMaterialUpdate":true,"showSkybox":true,"showFlares":true,"showImageEffects":true,"showParticleSystems":true},"in2DMode":false,"pivot":{"x":-148.04452514648438,"y":-6.515708923339844,"z":122.35867309570313},"rotation":{"x":-0.43166154623031618,"y":-0.22524933516979218,"z":0.11224842816591263,"w":-0.8662188053131104},"size":80.9524154663086,"orthographic":false}