{"cameraMode":{"drawMode":0,"name":"Shaded","section":"Shading Mode"},"sceneLighting":true,"audioPlay":false,"sceneViewState":{"showFog":true,"showMaterialUpdate":true,"showSkybox":true,"showFlares":true,"showImageEffects":true,"showParticleSystems":true},"in2DMode":false,"pivot":{"x":643.8446044921875,"y":196.08961486816407,"z":-115.80000305175781},"rotation":{"x":-0.09977907687425614,"y":0.8916017413139343,"z":-0.23986972868442536,"w":-0.37088143825531008},"size":838.16064453125,"orthographic":false}