{"cameraMode":{"drawMode":0,"name":"Shaded","section":"Shading Mode"},"sceneLighting":true,"audioPlay":false,"sceneViewState":{"showFog":true,"showMaterialUpdate":true,"showSkybox":true,"showFlares":true,"showImageEffects":true,"showParticleSystems":true},"in2DMode":false,"pivot":{"x":522.2357788085938,"y":386.089599609375,"z":-65.5},"rotation":{"x":-0.09977907687425614,"y":0.8916017413139343,"z":-0.23986972868442536,"w":-0.37088143825531008},"size":342.4794616699219,"orthographic":false}