{"cameraMode":{"drawMode":0,"name":"Shaded","section":"Shading Mode"},"sceneLighting":true,"audioPlay":false,"sceneViewState":{"showFog":true,"showMaterialUpdate":true,"showSkybox":true,"showFlares":true,"showImageEffects":true,"showParticleSystems":true},"in2DMode":false,"pivot":{"x":13.355110168457032,"y":18.601871490478517,"z":15.381004333496094},"rotation":{"x":-0.09977907687425614,"y":0.8916017413139343,"z":-0.23986972868442536,"w":-0.37088143825531008},"size":431.54388427734377,"orthographic":false}