{"cameraMode":{"drawMode":0,"name":"Shaded","section":"Shading Mode"},"sceneLighting":true,"audioPlay":false,"sceneViewState":{"showFog":true,"showMaterialUpdate":true,"showSkybox":true,"showFlares":true,"showImageEffects":true,"showParticleSystems":true},"in2DMode":false,"pivot":{"x":-123.079833984375,"y":655.880126953125,"z":-745.2371215820313},"rotation":{"x":-0.24354055523872376,"y":0.1554422229528427,"z":-0.03957652673125267,"w":-0.9565367698669434},"size":317.16925048828127,"orthographic":false}