{"cameraMode":{"drawMode":0,"name":"Shaded","section":"Shading Mode"},"sceneLighting":true,"audioPlay":false,"sceneViewState":{"showFog":true,"showMaterialUpdate":true,"showSkybox":true,"showFlares":true,"showImageEffects":true,"showParticleSystems":true},"in2DMode":false,"pivot":{"x":583.5360107421875,"y":272.5616455078125,"z":-83.21642303466797},"rotation":{"x":-0.09977907687425614,"y":0.8916017413139343,"z":-0.23986972868442536,"w":-0.37088143825531008},"size":363.1357727050781,"orthographic":false}